keyword,domain
meditation,meditationstudioapp.com
meditation,www.meditation4you.com.br
meditation,chopracentermeditation.com
meditation,www.meditationoasis.com
meditation,denmeditation.com
meditation,journeymeditation.com
meditation,www.m-meditation.com
meditation,www.restoremeditation.com
cycle,thecycle.game
yoga,minhayoga.com.br
meditation,meditationminis.com
meditation,www.meditationpopup.com
meditation,zivameditation.com
meditation,www.meditation.live
cycle,www.chainreactioncycles.com
cycle,herocycles.com
cycle,www.practicalcycle.com
cycle,www.cyclerepublic.com
cycle,www.cycleautomation.com
cycle,www.cycleconfident.com
cycle,cycle.media
yoga,www.yogananda-srf.org
yoga,www.praticasdeyoga.com.br
yoga,desafioyoga.com.br
yoga,www.yoga.pro.br
yoga,www.yogaonline.com.br
yoga,unayoga.com.br
yoga,yogaemmovimento.com
hiit,hiit20.com.br
cycle,cycle.js.org
cycle,www.salemcycle.com
cycle,www.evanscycles.com
cycle,www.ribblecycles.co.uk
cycle,www.harnesscycle.com
yoga,www.yogaflow.com.br
yoga,uni-yoga.org
yoga,www.aliancadoyoga.com.br
yoga,premanandayoga.com.br
yoga,samatvayoga.com.br
yoga,yogacon.com.br
fitness,www.defitness.com.br
hiit,www.powerhiit.com.br
hiit,hiitbrasil.com
hiit,hiitexpert.com
cycle,www.cyclescheme.co.uk
cycle,cyclevancouver.com
cycle,www.avoncycles.com
cycle,www.cycleto.ca
cycle,www.bluecycle.com.br
cycle,www.cyclestreets.net
yoga,www.yogaencantada.org
yoga,inlight.yoga
yoga,myyoga.com.br
yoga,yoganamare.com.br
yoga,www.hopuyoga.com.br
yoga,www.yogaposes.com.br
yoga,www.hotyogasaopaulo.com
fitness,graphene.fitness
fitness,www.vialezafitness.com.br
fitness,fitnessbrasil.com.br
fitness,www.lojalifefitness.com.br
fitness,www.sandyfitness.com.br
fitness,www.fitness.com.br
fitness,revistaempresariofitness.com.br
mindbody,www.mindbodyonline.com
cycle,www.cycleapartments.com
cycle,www.cycleforsurvival.org
cycle,www.cyclecapital.com
cycle,lunacycle.com
cycle,www.cycleagainstsuicide.com
cycle,www.opencyclemap.org
cycle,cyclechi.com
yoga,www.simplesmenteyoga.com.br
yoga,www.yogajournal.com
yoga,arunayoga.com.br
yoga,www.gamyoga.com.br
yoga,fernandacunhayoga.com
yoga,www.themuseumofyoga.com
yoga,www.yogaeduc.com.br
pilates,blogpilates.com.br
fitness,www.missaofitness.com.br
fitness,www.modarpgfitness.com.br
fitness,www.boraserfitness.com.br
fitness,www.escola.gestaofitness.com.br
fitness,www.kve6fitness.com.br
fitness,www.chromafitness.com.br
fitness,www.xoiafitness.com.br
mindbody,mindbody.io
mindbody,mindbody.exceedlms.com
mindbody,www.mindbody.one
mindbody,mindbodybold.com
mindbody,mindbodybold.com
mindbody,mindbodymedseattle.com
cycle,cycle.travel
cycle,www.reed-cycle.com
cycle,www.soul-cycle.com
cycle,cyclehouston.org
cycle,www.powercyclebrasil.com.br
cycle,www.lifecycleuk.org.uk
yoga,www.yogaadventure.com.br
yoga,yogacomhistorias.com.br
yoga,www.nucleodeyogaganesha.com.br
yoga,www.yogaderua.org
pilates,www.purepilates.com.br
pilates,www.purepilates.com.br
pilates,revistapilates.com.br
fitness,www.lifegofitness.com.br
mindbody,www.alive-mindbody.com
mindbody,www.mindbodyhaus.com
mindbody,www.mindbodysolutions.org
mindbody,madronamindbody.com
mindbody,www.mindbodydefensechicago.com
mindbody,www.dublinmindbodyexperience.ie
cycle,norcalaidscycle.org
cycle,www.cyclesetsports.com
cycle,www.jejamescycles.com
cycle,www.cyclecalifornia.com
cycle,www.cycle4sight.com
cycle,bcyclespin.com
yoga,www.yoga.ind.br
yoga,yoga.ced.ufsc.br
yoga,satyanandayoga.com.br
yoga,www.shri-yoga-devi.org
yoga,www.universoyoga.net
yoga,yogamudra.com.br
pilates,metalifepilates.com.br
pilates,pilates.com.br
pilates,www.nanopilates.com.br
pilates,vollpilates.com.br
pilates,jornadapilates.com.br
pilates,cppilates.com.br
mindbody,www.mindbodycenteringyoga.com
mindbody,mindbodysmile.com
mindbody,www.mindbodymvmnt.com
mindbody,www.themindbodyproject.com
mindbody,mindbodystuff.podomatic.com
mindbody,www.mindbodygreen.com
cycle,denver.bcycle.com
cycle,www.shift-cycle.com
cycle,www.cyclehoop.com
cycle,www.brandscycle.com
yoga,yogamodeladores.com.br
yoga,petsyoga.com
yoga,www.sadhanayogajoinville.com.br
yoga,espacocriativoyoga.com.br
spin,spin.capital
pilates,thepilatescenter.com.br
pilates,www.kaufferpilates.com.br
pilates,www.pilatescurso.com.br
goteamup,goteamup.com
cycle,www.benscycle.com
cycle,www.breakthecycle.org
cycle,www.cyclevolta.com
cycle,www.villagecycle.com
cycle,www.msmelbournecycle.org.au
cycle,www.cycleni.com
yoga,www.lacunajuiceandyoga.com
spin,www.spinimoveis.com
spin,wearespin.com
spin,www.spinteligentes.com
spin,www.spinsports.com
spin,www.spin.com
pilates,cursodepilates.com.br
pilates,www.gopilates.com.br
pilates,www.ricardomoreirapilates.com.br
pilates,letspilates.com
goteamup,goteamup.com
goteamup,goteamup.com.cutestat.com
cycle,www.bloomingtoncycleandfitness.com
cycle,burn-cycle.com
cycle,aroundthecycle.com
cycle,www.greggscycles.com
cycle,www.centercycle.com
cycle,www.seasidecycle.com
jrni,www.jrni.com
spin,www.prospin.com.br
spin,spin.co.uk
spin,spinroot.com
spin,www.2spin.com.br
spin,www.spin.ph
pilates,www.softwarepilates.com.br
pilates,coletaneapilates.com.br
pilates,www.incorpuspilates.com
pilates,www.studio11pilates.com.br
pilates,www.espacovidapilates.com.br
cycle,www.thecyclehub.org
cycle,www.cornercycle.com
cycle,www.chefscycle.org
cycle,www.cyclenorthumberland.org.uk
cycle,www.cyclebar.com
cycle,www.evolutioncycles.co.nz
jrni,www.jrni.com
jrni,www.jrni.co
spin,spinpay.com.br
spin,spinengenharia.com.br
spin,www.a-spin.pt
spin,agenciaspin.com
spin,spin.design
pilates,cgpapilates.com.br
pilates,www.pilateskinesis.com.br
cycle,cycleforthecause.org
spin,www.spinsoul.com.br
spin,spininc.org
spin,www.spin.app
spin,www.spinpizza.com
spin,www.spinmillion.com
bookwhen,bookwhen.com
spin,www.spinpalace.com
spin,www.spinupstudio.com.br
spin,www.spinnaker.io
